{
	"format_version": "1.12.0",
	"minecraft:geometry": [
		{
			"description": {
				"identifier": "geometry.unknown",
				"texture_width": 128,
				"texture_height": 128,
				"visible_bounds_width": 3,
				"visible_bounds_height": 4.5,
				"visible_bounds_offset": [0, 1.75, 0]
			},
			"bones": [
				{
					"name": "RightArm",
					"pivot": [-3.4, 31.025, 0],
					"cubes": [
						{
							"origin": [-7.7, 24.9, -1.7],
							"size": [3.25, 7.3, 3.4],
							"uv": {
								"north": {"uv": [82, 88], "uv_size": [-6, 14]},
								"east": {"uv": [96, 46], "uv_size": [-6, 14]},
								"south": {"uv": [48, 90], "uv_size": [-6, 14]},
								"west": {"uv": [96, 32], "uv_size": [-6, 14]},
								"up": {"uv": [124, 6], "uv_size": [-6, 6]},
								"down": {"uv": [50, 124], "uv_size": [-6, -6]}
							}
						},
						{
							"origin": [-7.65, 25.075, -1.5],
							"size": [3.05, 7, 3],
							"uv": {
								"north": {"uv": [54, 90], "uv_size": [-6, 14]},
								"east": {"uv": [88, 90], "uv_size": [-6, 14]},
								"south": {"uv": [96, 74], "uv_size": [-6, 14]},
								"west": {"uv": [96, 60], "uv_size": [-6, 14]},
								"up": {"uv": [56, 118], "uv_size": [-6, 6]},
								"down": {"uv": [62, 124], "uv_size": [-6, -6]}
							}
						},
						{
							"origin": [-7.45, 24.175, -1.1],
							"size": [2.55, 2, 2.2],
							"uv": {
								"north": {"uv": [128, 32], "uv_size": [-6, 4]},
								"east": {"uv": [100, 102], "uv_size": [-4, 4]},
								"south": {"uv": [128, 118], "uv_size": [-6, 4]},
								"west": {"uv": [66, 102], "uv_size": [-4, 4]},
								"up": {"uv": [128, 122], "uv_size": [-6, 4]},
								"down": {"uv": [6, 128], "uv_size": [-6, -4]}
							}
						},
						{
							"origin": [-7.5, 24.125, -1.125],
							"size": [2.7, 2.05, 2.3],
							"uv": {
								"north": {"uv": [130, 0], "uv_size": [-6, 4]},
								"east": {"uv": [114, 72], "uv_size": [-4, 4]},
								"south": {"uv": [130, 4], "uv_size": [-6, 4]},
								"west": {"uv": [66, 106], "uv_size": [-4, 4]},
								"up": {"uv": [12, 124], "uv_size": [-6, 4]},
								"down": {"uv": [130, 12], "uv_size": [-6, -4]}
							}
						}
					]
				},
				{
					"name": "shoukou3",
					"parent": "RightArm",
					"pivot": [-4.4, 27.975, 0],
					"cubes": [
						{
							"origin": [-8.2, 27.095, -2.4],
							"size": [4.8, 5.7, 4.8],
							"uv": {
								"north": {"uv": [134, 162], "uv_size": [-8, 6.8]},
								"east": {"uv": [168, 140], "uv_size": [-8, 6.8]},
								"south": {"uv": [150, 166], "uv_size": [-8, 6.8]},
								"west": {"uv": [142, 166], "uv_size": [-8, 6.8]},
								"up": {"uv": [168, 148], "uv_size": [-8, 6.8]},
								"down": {"uv": [120, 182.8], "uv_size": [-8, -6.8]}
							}
						},
						{
							"origin": [-8.2, 26.495, -2.4],
							"size": [4.8, 0.6, 4.8],
							"uv": {
								"north": {"uv": [134, 170], "uv_size": [-8, 2]},
								"east": {"uv": [142, 174], "uv_size": [-8, 2]},
								"south": {"uv": [134, 174], "uv_size": [-8, 2]},
								"west": {"uv": [134, 172], "uv_size": [-8, 2]},
								"up": {"uv": [120, 184], "uv_size": [-8, 8]},
								"down": {"uv": [186, 152], "uv_size": [-8, -8]}
							}
						},
						{
							"origin": [-8.08, 26.095, -2.16],
							"size": [4.08, 0.6, 4.32],
							"uv": {
								"north": {"uv": [140, 162], "uv_size": [-6, 2]},
								"east": {"uv": [148, 176], "uv_size": [-8, 2]},
								"south": {"uv": [140, 164], "uv_size": [-6, 2]},
								"west": {"uv": [150, 174], "uv_size": [-8, 2]},
								"up": {"uv": [186, 192], "uv_size": [-6, 8]},
								"down": {"uv": [126, 206], "uv_size": [-6, -8]}
							}
						}
					]
				},
				{
					"name": "RightForeArm",
					"parent": "RightArm",
					"pivot": [-4.125, 25.075, 0.025],
					"cubes": [
						{
							"origin": [-7.625, 18.075, -1.475],
							"size": [3, 7, 3],
							"uv": {
								"north": {"uv": [94, 90], "uv_size": [-6, 14]},
								"east": {"uv": [100, 88], "uv_size": [-6, 14]},
								"south": {"uv": [100, 8], "uv_size": [-6, 14]},
								"west": {"uv": [14, 94], "uv_size": [-6, 14]},
								"up": {"uv": [124, 60], "uv_size": [-6, 6]},
								"down": {"uv": [124, 72], "uv_size": [-6, -6]}
							}
						},
						{
							"origin": [-7.725, 20.375, -1.575],
							"size": [3.2, 5, 3.2],
							"uv": {
								"north": {"uv": [66, 20], "uv_size": [-6, 10]},
								"east": {"uv": [114, 8], "uv_size": [-6, 10]},
								"south": {"uv": [12, 108], "uv_size": [-6, 10]},
								"west": {"uv": [112, 100], "uv_size": [-6, 10]},
								"up": {"uv": [82, 118], "uv_size": [-6, 6]},
								"down": {"uv": [88, 124], "uv_size": [-6, -6]}
							}
						}
					]
				},
				{
					"name": "LeftArm",
					"pivot": [3.4, 31.025, 0],
					"cubes": [
						{
							"origin": [4.45, 24.9, -1.7],
							"size": [3.25, 7.3, 3.4],
							"uv": {
								"north": {"uv": [76, 88], "uv_size": [6, 14]},
								"east": {"uv": [90, 32], "uv_size": [6, 14]},
								"south": {"uv": [42, 90], "uv_size": [6, 14]},
								"west": {"uv": [90, 46], "uv_size": [6, 14]},
								"up": {"uv": [118, 6], "uv_size": [6, 6]},
								"down": {"uv": [44, 124], "uv_size": [6, -6]}
							}
						},
						{
							"origin": [4.6, 25.075, -1.5],
							"size": [3.05, 7, 3],
							"uv": {
								"north": {"uv": [48, 90], "uv_size": [6, 14]},
								"east": {"uv": [90, 60], "uv_size": [6, 14]},
								"south": {"uv": [90, 74], "uv_size": [6, 14]},
								"west": {"uv": [82, 90], "uv_size": [6, 14]},
								"up": {"uv": [50, 118], "uv_size": [6, 6]},
								"down": {"uv": [56, 124], "uv_size": [6, -6]}
							}
						},
						{
							"origin": [4.9, 24.175, -1.1],
							"size": [2.55, 2, 2.2],
							"uv": {
								"north": {"uv": [122, 32], "uv_size": [6, 4]},
								"east": {"uv": [62, 102], "uv_size": [4, 4]},
								"south": {"uv": [122, 118], "uv_size": [6, 4]},
								"west": {"uv": [96, 102], "uv_size": [4, 4]},
								"up": {"uv": [122, 122], "uv_size": [6, 4]},
								"down": {"uv": [0, 128], "uv_size": [6, -4]}
							}
						},
						{
							"origin": [4.8, 24.125, -1.125],
							"size": [2.7, 2.05, 2.3],
							"uv": {
								"north": {"uv": [124, 0], "uv_size": [6, 4]},
								"east": {"uv": [62, 106], "uv_size": [4, 4]},
								"south": {"uv": [124, 4], "uv_size": [6, 4]},
								"west": {"uv": [110, 72], "uv_size": [4, 4]},
								"up": {"uv": [6, 124], "uv_size": [6, 4]},
								"down": {"uv": [124, 12], "uv_size": [6, -4]}
							}
						}
					]
				},
				{
					"name": "shoukou2",
					"parent": "LeftArm",
					"pivot": [4.4, 27.975, 0],
					"cubes": [
						{
							"origin": [3.4, 27.095, -2.4],
							"size": [4.8, 5.7, 4.8],
							"uv": {
								"north": {"uv": [126, 162], "uv_size": [8, 6.8]},
								"east": {"uv": [134, 166], "uv_size": [8, 6.8]},
								"south": {"uv": [142, 166], "uv_size": [8, 6.8]},
								"west": {"uv": [160, 140], "uv_size": [8, 6.8]},
								"up": {"uv": [160, 148], "uv_size": [8, 6.8]},
								"down": {"uv": [112, 182.8], "uv_size": [8, -6.8]}
							}
						},
						{
							"origin": [3.4, 26.495, -2.4],
							"size": [4.8, 0.6, 4.8],
							"uv": {
								"north": {"uv": [126, 170], "uv_size": [8, 2]},
								"east": {"uv": [126, 172], "uv_size": [8, 2]},
								"south": {"uv": [126, 174], "uv_size": [8, 2]},
								"west": {"uv": [134, 174], "uv_size": [8, 2]},
								"up": {"uv": [112, 184], "uv_size": [8, 8]},
								"down": {"uv": [178, 152], "uv_size": [8, -8]}
							}
						},
						{
							"origin": [4, 26.095, -2.16],
							"size": [4.08, 0.6, 4.32],
							"uv": {
								"north": {"uv": [134, 162], "uv_size": [6, 2]},
								"east": {"uv": [142, 174], "uv_size": [8, 2]},
								"south": {"uv": [134, 164], "uv_size": [6, 2]},
								"west": {"uv": [140, 176], "uv_size": [8, 2]},
								"up": {"uv": [180, 192], "uv_size": [6, 8]},
								"down": {"uv": [120, 206], "uv_size": [6, -8]}
							}
						}
					]
				},
				{
					"name": "LeftForeArm",
					"parent": "LeftArm",
					"pivot": [4.125, 25.075, 0.025],
					"cubes": [
						{
							"origin": [4.625, 18.075, -1.475],
							"size": [3, 7, 3],
							"uv": {
								"north": {"uv": [88, 90], "uv_size": [6, 14]},
								"east": {"uv": [8, 94], "uv_size": [6, 14]},
								"south": {"uv": [94, 8], "uv_size": [6, 14]},
								"west": {"uv": [94, 88], "uv_size": [6, 14]},
								"up": {"uv": [118, 60], "uv_size": [6, 6]},
								"down": {"uv": [118, 72], "uv_size": [6, -6]}
							}
						},
						{
							"origin": [4.525, 20.375, -1.575],
							"size": [3.2, 5, 3.2],
							"uv": {
								"north": {"uv": [60, 20], "uv_size": [6, 10]},
								"east": {"uv": [106, 100], "uv_size": [6, 10]},
								"south": {"uv": [6, 108], "uv_size": [6, 10]},
								"west": {"uv": [108, 8], "uv_size": [6, 10]},
								"up": {"uv": [76, 118], "uv_size": [6, 6]},
								"down": {"uv": [82, 124], "uv_size": [6, -6]}
							}
						}
					]
				},
				{
					"name": "LeftHandLocator",
					"parent": "LeftForeArm",
					"pivot": [4.125, 19.575, 0.025]
				}
			]
		}
	]
}