{
	"format_version": "1.12.0",
	"minecraft:geometry": [
		{
			"description": {
				"identifier": "geometry.unknown",
				"texture_width": 128,
				"texture_height": 128,
				"visible_bounds_width": 3,
				"visible_bounds_height": 4.5,
				"visible_bounds_offset": [0, 1.75, 0]
			},
			"bones": [
				{
					"name": "RightArm",
					"pivot": [-7.38174, 29.2922, 0.00625],
					"cubes": [
						{
							"origin": [-8.95049, 27.3297, -1.7],
							"size": [3.25, 7.3, 3.4],
							"uv": {
								"north": {"uv": [82, 88], "uv_size": [-6, 14]},
								"east": {"uv": [96, 46], "uv_size": [-6, 14]},
								"south": {"uv": [48, 90], "uv_size": [-6, 14]},
								"west": {"uv": [96, 32], "uv_size": [-6, 14]},
								"up": {"uv": [124, 6], "uv_size": [-6, 6]},
								"down": {"uv": [50, 124], "uv_size": [-6, -6]}
							}
						},
						{
							"origin": [-8.90049, 27.5047, -1.5],
							"size": [3.05, 7, 3],
							"uv": {
								"north": {"uv": [54, 90], "uv_size": [-6, 14]},
								"east": {"uv": [88, 90], "uv_size": [-6, 14]},
								"south": {"uv": [96, 74], "uv_size": [-6, 14]},
								"west": {"uv": [96, 60], "uv_size": [-6, 14]},
								"up": {"uv": [56, 118], "uv_size": [-6, 6]},
								"down": {"uv": [62, 124], "uv_size": [-6, -6]}
							}
						},
						{
							"origin": [-8.70049, 26.6047, -1.1],
							"size": [2.55, 2, 2.2],
							"uv": {
								"north": {"uv": [128, 32], "uv_size": [-6, 4]},
								"east": {"uv": [100, 102], "uv_size": [-4, 4]},
								"south": {"uv": [128, 118], "uv_size": [-6, 4]},
								"west": {"uv": [66, 102], "uv_size": [-4, 4]},
								"up": {"uv": [128, 122], "uv_size": [-6, 4]},
								"down": {"uv": [6, 128], "uv_size": [-6, -4]}
							}
						},
						{
							"origin": [-8.75049, 26.5547, -1.125],
							"size": [2.7, 2.05, 2.3],
							"uv": {
								"north": {"uv": [130, 0], "uv_size": [-6, 4]},
								"east": {"uv": [114, 72], "uv_size": [-4, 4]},
								"south": {"uv": [130, 4], "uv_size": [-6, 4]},
								"west": {"uv": [66, 106], "uv_size": [-4, 4]},
								"up": {"uv": [12, 124], "uv_size": [-6, 4]},
								"down": {"uv": [130, 12], "uv_size": [-6, -4]}
							}
						}
					]
				},
				{
					"name": "shoukou3",
					"parent": "RightArm",
					"pivot": [-7.65049, 30.4047, 0],
					"cubes": [
						{
							"origin": [-9.45049, 29.5247, -2.4],
							"size": [4.8, 5.7, 4.8],
							"uv": {
								"north": {"uv": [134, 162], "uv_size": [-8, 6.8]},
								"east": {"uv": [168, 140], "uv_size": [-8, 6.8]},
								"south": {"uv": [150, 166], "uv_size": [-8, 6.8]},
								"west": {"uv": [142, 166], "uv_size": [-8, 6.8]},
								"up": {"uv": [168, 148], "uv_size": [-8, 6.8]},
								"down": {"uv": [120, 182.8], "uv_size": [-8, -6.8]}
							}
						},
						{
							"origin": [-9.45049, 28.9247, -2.4],
							"size": [4.8, 0.6, 4.8],
							"uv": {
								"north": {"uv": [134, 170], "uv_size": [-8, 2]},
								"east": {"uv": [142, 174], "uv_size": [-8, 2]},
								"south": {"uv": [134, 174], "uv_size": [-8, 2]},
								"west": {"uv": [134, 172], "uv_size": [-8, 2]},
								"up": {"uv": [120, 184], "uv_size": [-8, 8]},
								"down": {"uv": [186, 152], "uv_size": [-8, -8]}
							}
						},
						{
							"origin": [-9.33049, 28.5247, -2.16],
							"size": [4.08, 0.6, 4.32],
							"uv": {
								"north": {"uv": [140, 162], "uv_size": [-6, 2]},
								"east": {"uv": [148, 176], "uv_size": [-8, 2]},
								"south": {"uv": [140, 164], "uv_size": [-6, 2]},
								"west": {"uv": [150, 174], "uv_size": [-8, 2]},
								"up": {"uv": [186, 192], "uv_size": [-6, 8]},
								"down": {"uv": [126, 206], "uv_size": [-6, -8]}
							}
						}
					]
				},
				{
					"name": "RightForeArm",
					"parent": "RightArm",
					"pivot": [-7.37549, 27.5047, 0.025],
					"cubes": [
						{
							"origin": [-8.87549, 20.5047, -1.475],
							"size": [3, 7, 3],
							"uv": {
								"north": {"uv": [94, 90], "uv_size": [-6, 14]},
								"east": {"uv": [100, 88], "uv_size": [-6, 14]},
								"south": {"uv": [100, 8], "uv_size": [-6, 14]},
								"west": {"uv": [14, 94], "uv_size": [-6, 14]},
								"up": {"uv": [124, 60], "uv_size": [-6, 6]},
								"down": {"uv": [124, 72], "uv_size": [-6, -6]}
							}
						},
						{
							"origin": [-8.97549, 22.8047, -1.575],
							"size": [3.2, 5, 3.2],
							"uv": {
								"north": {"uv": [66, 20], "uv_size": [-6, 10]},
								"east": {"uv": [114, 8], "uv_size": [-6, 10]},
								"south": {"uv": [12, 108], "uv_size": [-6, 10]},
								"west": {"uv": [112, 100], "uv_size": [-6, 10]},
								"up": {"uv": [82, 118], "uv_size": [-6, 6]},
								"down": {"uv": [88, 124], "uv_size": [-6, -6]}
							}
						}
					]
				},
				{
					"name": "RightHandLocator",
					"parent": "RightForeArm",
					"pivot": [-7.75049, 20.5297, 0]
				},
				{
					"name": "LeftArm",
					"pivot": [7.47948, 30.05525, 0.046],
					"cubes": [
						{
							"origin": [5.46948, 27.39725, -1.7],
							"size": [3.25, 7.3, 3.4],
							"uv": {
								"north": {"uv": [76, 88], "uv_size": [6, 14]},
								"east": {"uv": [90, 32], "uv_size": [6, 14]},
								"south": {"uv": [42, 90], "uv_size": [6, 14]},
								"west": {"uv": [90, 46], "uv_size": [6, 14]},
								"up": {"uv": [118, 6], "uv_size": [6, 6]},
								"down": {"uv": [44, 124], "uv_size": [6, -6]}
							}
						},
						{
							"origin": [5.61948, 27.57225, -1.5],
							"size": [3.05, 7, 3],
							"uv": {
								"north": {"uv": [48, 90], "uv_size": [6, 14]},
								"east": {"uv": [90, 60], "uv_size": [6, 14]},
								"south": {"uv": [90, 74], "uv_size": [6, 14]},
								"west": {"uv": [82, 90], "uv_size": [6, 14]},
								"up": {"uv": [50, 118], "uv_size": [6, 6]},
								"down": {"uv": [56, 124], "uv_size": [6, -6]}
							}
						},
						{
							"origin": [5.91948, 26.67225, -1.1],
							"size": [2.55, 2, 2.2],
							"uv": {
								"north": {"uv": [122, 32], "uv_size": [6, 4]},
								"east": {"uv": [62, 102], "uv_size": [4, 4]},
								"south": {"uv": [122, 118], "uv_size": [6, 4]},
								"west": {"uv": [96, 102], "uv_size": [4, 4]},
								"up": {"uv": [122, 122], "uv_size": [6, 4]},
								"down": {"uv": [0, 128], "uv_size": [6, -4]}
							}
						},
						{
							"origin": [5.81948, 26.62225, -1.125],
							"size": [2.7, 2.05, 2.3],
							"uv": {
								"north": {"uv": [124, 0], "uv_size": [6, 4]},
								"east": {"uv": [62, 106], "uv_size": [4, 4]},
								"south": {"uv": [124, 4], "uv_size": [6, 4]},
								"west": {"uv": [110, 72], "uv_size": [4, 4]},
								"up": {"uv": [6, 124], "uv_size": [6, 4]},
								"down": {"uv": [124, 12], "uv_size": [6, -4]}
							}
						},
						{
							"origin": [7.76948, 31.81225, -0.32],
							"size": [2.05, 2.05, 1.05],
							"pivot": [8.79448, 32.83725, 0.205],
							"rotation": [0, -90, 0],
							"uv": {
								"north": {"uv": [204, 144], "uv_size": [648, 704]},
								"east": {"uv": [26, 38], "uv_size": [2, 2]},
								"south": {"uv": [18, 38], "uv_size": [4, 2]},
								"west": {"uv": [18, 40], "uv_size": [2, 2]},
								"up": {"uv": [22, 38], "uv_size": [4, 2]},
								"down": {"uv": [14, 42], "uv_size": [4, -2]}
							}
						}
					]
				},
				{
					"name": "shoukou2",
					"parent": "LeftArm",
					"pivot": [7.41948, 30.47225, 0],
					"cubes": [
						{
							"origin": [4.41948, 29.59225, -2.4],
							"size": [4.8, 5.7, 4.8],
							"uv": {
								"north": {"uv": [126, 162], "uv_size": [8, 6.8]},
								"east": {"uv": [134, 166], "uv_size": [8, 6.8]},
								"south": {"uv": [142, 166], "uv_size": [8, 6.8]},
								"west": {"uv": [160, 140], "uv_size": [8, 6.8]},
								"up": {"uv": [160, 148], "uv_size": [8, 6.8]},
								"down": {"uv": [112, 182.8], "uv_size": [8, -6.8]}
							}
						},
						{
							"origin": [4.41948, 28.99225, -2.4],
							"size": [4.8, 0.6, 4.8],
							"uv": {
								"north": {"uv": [126, 170], "uv_size": [8, 2]},
								"east": {"uv": [126, 172], "uv_size": [8, 2]},
								"south": {"uv": [126, 174], "uv_size": [8, 2]},
								"west": {"uv": [134, 174], "uv_size": [8, 2]},
								"up": {"uv": [112, 184], "uv_size": [8, 8]},
								"down": {"uv": [178, 152], "uv_size": [8, -8]}
							}
						},
						{
							"origin": [5.01948, 28.59225, -2.16],
							"size": [4.08, 0.6, 4.32],
							"uv": {
								"north": {"uv": [134, 162], "uv_size": [6, 2]},
								"east": {"uv": [142, 174], "uv_size": [8, 2]},
								"south": {"uv": [134, 164], "uv_size": [6, 2]},
								"west": {"uv": [140, 176], "uv_size": [8, 2]},
								"up": {"uv": [180, 192], "uv_size": [6, 8]},
								"down": {"uv": [120, 206], "uv_size": [6, -8]}
							}
						}
					]
				},
				{
					"name": "LeftForeArm",
					"parent": "LeftArm",
					"pivot": [7.14448, 27.57225, 0.025],
					"cubes": [
						{
							"origin": [5.64448, 20.57225, -1.475],
							"size": [3, 7, 3],
							"uv": {
								"north": {"uv": [88, 90], "uv_size": [6, 14]},
								"east": {"uv": [8, 94], "uv_size": [6, 14]},
								"south": {"uv": [94, 8], "uv_size": [6, 14]},
								"west": {"uv": [94, 88], "uv_size": [6, 14]},
								"up": {"uv": [118, 60], "uv_size": [6, 6]},
								"down": {"uv": [118, 72], "uv_size": [6, -6]}
							}
						},
						{
							"origin": [5.54448, 22.87225, -1.575],
							"size": [3.2, 5, 3.2],
							"uv": {
								"north": {"uv": [60, 20], "uv_size": [6, 10]},
								"east": {"uv": [106, 100], "uv_size": [6, 10]},
								"south": {"uv": [6, 108], "uv_size": [6, 10]},
								"west": {"uv": [108, 8], "uv_size": [6, 10]},
								"up": {"uv": [76, 118], "uv_size": [6, 6]},
								"down": {"uv": [82, 124], "uv_size": [6, -6]}
							}
						}
					]
				},
				{
					"name": "LeftHandLocator",
					"parent": "LeftForeArm",
					"pivot": [7.51948, 20.59725, 0]
				}
			]
		}
	]
}